{
  "mse_lin": 1143541.2997210403,
  "r2_lin": 0.579266411441941,
  "mse_ridge": 1143527.3222002797,
  "r2_ridge": 0.5792715540742799,
  "top3_features": [
    "Item_MRP",
    "Outlet_Type_Supermarket Type1",
    "Outlet_Identifier_OUT027"
  ],
  "top3_coefs": [
    979.4578118965073,
    478.8011931767327,
    464.77460131616004
  ],
  "auc_c1": 0.8950859977918928,
  "auc_c001": 0.8923244871381885,
  "precision_c1": 0.8141263940520446,
  "recall_c1": 0.7877697841726619,
  "precision_c001": 0.8091697645600991,
  "recall_c001": 0.7829736211031175,
  "best_f1_threshold": 0.4,
  "best_f1_value": 0.820250284414107,
  "mean_auc_diff": 0.002783062996146917,
  "ci_lower": 0.0014368490003177498,
  "ci_upper": 0.0044097822742530084,
  "excludes_zero": true,
  "train_class_counts": {
    "1": 3424,
    "0": 3394
  },
  "minority_prop": 0.49779994133176886
}